feature,mean_abs_shap
f0,2.340631
f7,0.96914536
f2,0.5279997
f6,0.39607915
f1,0.37435883
f4,0.36133516
f3,0.03529367
f5,0.01643232
